{"cameraMode":{"drawMode":0,"name":"Shaded","section":"Shading Mode"},"sceneLighting":false,"audioPlay":false,"sceneViewState":{"m_AlwaysRefresh":false,"showFog":true,"showSkybox":false,"showFlares":true,"showImageEffects":true,"showParticleSystems":true,"showVisualEffectGraphs":true,"m_FxEnabled":true},"in2DMode":false,"pivot":{"x":0.18401168286800385,"y":3.1949241161346437,"z":-8.934423446655274},"rotation":{"x":-0.17160701751708985,"y":-0.03698094189167023,"z":0.007142728194594383,"w":-0.984867513179779},"size":0.9866377711296082,"orthographic":false}